{
	"lineSalesData": {
		"labels": [1, 2, 3, 4, 5, 6, 7, 8, 9, 10, 11, 12],
		"datasets": [
			{
				"label": "Monthly",
				"data": [210, 35, 260, 70, 220, 60, 140, 70, 280, 70, 110, 190],
				"backgroundColor": "rgba(165,211,235,0.2)",
				"borderColor": "#9EDD4D",
				"tension": 0,
				"fill": false,
				"pointStyle": "circle",
				"pointRadius": 3,
				"pointBorderColor": "#9EDD4D",
				"pointBackgroundColor": "white",
				"showLine": true,
				"font": {
					"weight": 800
				}
			}
		]
	},
	"lineSalesOptions": {
		"responsive": true,
		"maintainAspectRatio": false,
		"scales": {
			"yAxes": {
				"min": 0,
				"max": 280,
				"ticks": {
					"stepSize": 70,
					"font": {
						"size": 11,
						"weight": 800
					}
				}
			},
			"x": {
				"title": {
					"display": true,
					"text": "Month",
					"font": {
						"size": 16,
						"weight": 500
					},
					"color": "#3CA9EE"
				}
			}
		},
		"tooltips": {
			"enabled": false
		},
		"plugins": {
			"legend": {
				"display": false
			},
			"datalabels": {
				"font": {
					"size": 0
				}
			},
			"title": {
				"display": true
			}
		}
	},
	"pieData": {
		"labels": ["Total Fulfilment", "Selling on Amazon Fees"],
		"datasets": [
			{
				"label": "Payments",
				"data": [8, 15],
				"backgroundColor": ["#EEF3EF", "#9EDD4D"],
				"hoverOffset": 2
			}
		]
	},
	"lineProfiteData": {
		"labels": [
			"Profit Margin",
			"Profit Margin",
			"Profit Margin",
			"Profit Margin",
			"Profit Margin",
			"Supplier Costs",
			"Supplier Costs",
			"Supplier Costs",
			"Supplier Costs",
			"Shipping",
			"Shipping",
			"Shipping",
			"Shipping",
			"Shipping",
			"FBA Fees"
		],
		"datasets": [
			{
				"label": "Profit Margin",
				"data": [58, 80, 56, 57, 76, 42, 48, 70, 80, 50, 53, 38, 45, 50, 60],
				"borderColor": "#3CA9EE",
				"borderWidth": 1.5,
				"tension": 0,
				"fill": true,
				"backgroundColor": "#bfe7ff33",
				"pointStyle": "circle",
				"pointRadius": 5,
				"pointBorderColor": "#3CA9EE",
				"pointBackgroundColor": "white",
				"showLine": true,
				"font": {
					"weight": 800
				}
			}
		]
	}
}
