{
	"Header": {
		"title": "Welcome to Hyper",
		"paragraph": "Lorem ipsum dolor sit amet, consectetur adipiscing elit. Duis sed dapibus leo nec ornare diam sed commodo nibh ante facilisis bibendum."
	},
	"About": {
		"paragraph": "We are a team of software and automation engineers with a passion to make life easier and business more efficient through building data-driven and user experience focused solutions.",
		"whyUs1": [
			"We use proprietary algorithms with our data to provide valuable e-commerce insights and high-confidence sports betting picks",
			"Our platform is focused on ease-of-use",
			"We solve the problems other tools lack"
		],
		"whyUs2": [
			"We'll automate your Amazon Seller business with our cutting-edge intelligent tools no one else can offer",
			"We offer solutions for sellers, wholesalers, and even agencies that want to manage their VA team",
			"We provide coaching, so you can learn the ins and outs of the Amazon Selling business"
		]
	},
	"Gallery": [
		{
			"title": "Project Title1",
			"largeImage": "/img/portfolio/01-large.jpg",
			"smallImage": "/img/portfolio/01-small.jpg"
		},
		{
			"title": "Project Title2",
			"largeImage": "/img/portfolio/02-large.jpg",
			"smallImage": "/img/portfolio/02-small.jpg"
		},
		{
			"title": "Project Title3",
			"largeImage": "/img/portfolio/03-large.jpg",
			"smallImage": "/img/portfolio/03-small.jpg"
		},
		{
			"title": "Project Title4",
			"largeImage": "/img/portfolio/04-large.jpg",
			"smallImage": "/img/portfolio/04-small.jpg"
		},
		{
			"title": "Project Title5",
			"largeImage": "/img/portfolio/05-large.jpg",
			"smallImage": "/img/portfolio/05-small.jpg"
		},
		{
			"title": "Project Title6",
			"largeImage": "/img/portfolio/06-large.jpg",
			"smallImage": "/img/portfolio/06-small.jpg"
		},
		{
			"title": "Project Title7",
			"largeImage": "/img/portfolio/07-large.jpg",
			"smallImage": "/img/portfolio/07-small.jpg"
		},
		{
			"title": "Project Title8",
			"largeImage": "/img/portfolio/08-large.jpg",
			"smallImage": "/img/portfolio/08-small.jpg"
		},
		{
			"title": "Project Title9",
			"largeImage": "/img/portfolio/09-large.jpg",
			"smallImage": "/img/portfolio/09-small.jpg"
		},
		{
			"title": "Project Title10",
			"largeImage": "/img/portfolio/01-large.jpg",
			"smallImage": "/img/portfolio/01-small.jpg"
		},
		{
			"title": "Project Title11",
			"largeImage": "/img/portfolio/02-large.jpg",
			"smallImage": "/img/portfolio/02-small.jpg"
		},
		{
			"title": "Project Title12",
			"largeImage": "/img/portfolio/03-large.jpg",
			"smallImage": "/img/portfolio/03-small.jpg"
		}
	],
	"Services": [
		{
			"icon": "fa fa-crosshairs",
			"name": "Product Hunter",
			"text": "At nearly the click of a button search 100's of thousands of products to find your next big cash cow."
		},
		{
			"icon": "fa fa-pie-chart",
			"name": "Product Details",
			"text": "With ASIN, we collect all data points about a product that are invaluable to you in sourcing for a high-performing product. In addition to the raw product data, we provide proprietary product insights that will help you make better decisions."
		},
		{
			"icon": "fa fa-area-chart",
			"name": "Keyword Trends",
			"text": "Dive into a collective of keyword search tools, where you wont have to look anywhere else. We've embedded Google Trends as the first utility and you can now use this free."
		},
		{
			"icon": "fa fa-desktop",
			"name": "Manage your VAs",
			"text": "We make it easy to hold your VAs accountable to their daily tasks. This includes enabling them to manage their work easier, maintain order-related information and the ability to generate weekly and monthly reports."
		},
		{
			"icon": "fa fa-book",
			"name": "Upload your wholesaler catalog",
			"text": "Get real-time market insights on your products to identify opportunities and help to navigate your business with data."
		},
		{
			"icon": "fa fa-money",
			"name": "Hyperformance Picks",
			"text": "With out deeply trained machine learning algorithms, our prediction accuracy is the best among our competitors. Place money-line bets with high accuracy and confidence to consistently build your bankroll."
		}
	],
	"Testimonials": [
		{
			"img": "/img/testimonials/01.jpg",
			"text": "\"Lorem ipsum dolor sit amet, consectetur adipiscing elit. Duis sed dapibus leo nec ornare diam sedasd commodo nibh ante facilisis bibendum dolor feugiat at.\"",
			"name": "John Doe"
		},
		{
			"img": "/img/testimonials/02.jpg",
			"text": "\"Lorem ipsum dolor sit amet, consectetur adipiscing elit. Duis sed dapibus leo nec ornare diam sedasd commodo nibh ante facilisis bibendum dolor feugiat at.\"",
			"name": "Johnathan Doe"
		},
		{
			"img": "/img/testimonials/03.jpg",
			"text": "\"Lorem ipsum dolor sit amet, consectetur adipiscing elit. Duis sed dapibus leo nec ornare diam sedasd commodo nibh ante facilisis bibendum dolor feugiat at.\"",
			"name": "Robert Brown"
		},
		{
			"img": "/img/testimonials/04.jpg",
			"text": "\"Lorem ipsum dolor sit amet, consectetur adipiscing elit. Duis sed dapibus leo nec ornare diam sedasd commodo nibh ante facilisis bibendum dolor feugiat at.\"",
			"name": "Jane Smith"
		},
		{
			"img": "/img/testimonials/05.jpg",
			"text": "\"Lorem ipsum dolor sit amet, consectetur adipiscing elit. Duis sed dapibus leo nec ornare diam sedasd commodo nibh ante facilisis bibendum dolor feugiat at.\"",
			"name": "James Davis"
		},
		{
			"img": "/img/testimonials/06.jpg",
			"text": "\"Lorem ipsum dolor sit amet, consectetur adipiscing elit. Duis sed dapibus leo nec ornare diam sedasd commodo nibh ante facilisis bibendum dolor feugiat at.\"",
			"name": "Marya Miller"
		}
	],
	"Team": [
		{
			"img": "/img/team/placeholder-person.jpg",
			"name": "Person 1",
			"job": "Founder"
		},
		{
			"img": "/img/team/placeholder-person.jpg",
			"name": "Person 2",
			"job": "Founder"
		},
		{
			"img": "/img/team/placeholder-person.jpg",
			"name": "Person 3",
			"job": "Founder"
		}
	],
	"Contact": {
		"address": "Vice St, Miami, FL 33131",
		"phone": "+1 123 456 1234",
		"email": "support@hyperauto.io",
		"twitter": "twitter.com",
		"youtube": "youtube.com"
	},
	"Features": [
		{
			"icon": "fa fa-bullseye",
			"title": "Assisted Product Research",
			"text": "Product research with a focus on ease-of-use and simplicity. You can know little, but still find a product with great opportunity!"
		},
		{
			"icon": "fa fa-barcode",
			"title": "In-depth Product Insights",
			"text": "Learn everything you need to know about an Amazon product in one place"
		},
		{
			"icon": "fa fa-line-chart",
			"title": "Keyword Research",
			"text": "Look-up product keywords and phrases to see how they are trending over a period of time"
		},
		{
			"icon": "fa fa-refresh",
			"title": "Marketplace Management",
			"text": "Amazon seller start-up services and DFY(done-for-you) automation services to kickstart your store's performance"
		},
		{
			"icon": "fa fa-ticket",
			"title": "Sports Betting Picks",
			"text": "Our machine learning solutions provide high confidence picks that leave the competition in the dust"
		}
	]
}
